{"Domain":{"0":"depots","1":"ipc-grid","2":"ipc-grid","3":"ipc-grid","4":"ipc-grid","5":"depots","6":"grid-navigation","7":"grid-navigation","8":"blocks-words","9":"blocks-words","10":"depots","11":"logistics","12":"ipc-grid","13":"depots","14":"ipc-grid","15":"ipc-grid","16":"depots","17":"ipc-grid","18":"logistics","19":"depots","20":"blocks-words","21":"grid-navigation","22":"grid-navigation","23":"blocks-words","24":"ipc-grid","25":"depots","26":"ipc-grid","27":"logistics","28":"logistics","29":"depots","30":"logistics","31":"depots","32":"ipc-grid","33":"depots","34":"ipc-grid","35":"blocks-words","36":"grid-navigation","37":"ipc-grid","38":"ipc-grid","39":"depots","40":"ipc-grid","41":"ipc-grid","42":"depots","43":"ipc-grid","44":"ipc-grid","45":"blocks-words","46":"grid-navigation","47":"grid-navigation","48":"blocks-words","49":"blocks-words","50":"logistics","51":"depots","52":"ipc-grid","53":"depots","54":"ipc-grid","55":"logistics","56":"depots","57":"depots","58":"ipc-grid","59":"depots","60":"logistics","61":"ipc-grid","62":"logistics","63":"blocks-words","64":"blocks-words","65":"grid-navigation","66":"grid-navigation","67":"blocks-words","68":"grid-navigation","69":"blocks-words","70":"logistics","71":"ipc-grid","72":"ipc-grid","73":"depots","74":"depots","75":"ipc-grid","76":"logistics","77":"ipc-grid","78":"blocks-words","79":"grid-navigation","80":"blocks-words","81":"logistics","82":"blocks-words","83":"grid-navigation","84":"grid-navigation","85":"blocks-words","86":"ipc-grid","87":"logistics","88":"ipc-grid","89":"depots","90":"depots","91":"ipc-grid","92":"ipc-grid","93":"logistics","94":"blocks-words","95":"grid-navigation","96":"grid-navigation","97":"blocks-words","98":"logistics","99":"ipc-grid","100":"blocks-words","101":"grid-navigation","102":"grid-navigation","103":"blocks-words","104":"blocks-words","105":"ipc-grid","106":"depots","107":"logistics","108":"ipc-grid","109":"logistics","110":"depots","111":"logistics","112":"logistics","113":"ipc-grid","114":"depots","115":"ipc-grid","116":"blocks-words","117":"blocks-words","118":"grid-navigation","119":"grid-navigation","120":"blocks-words","121":"ipc-grid","122":"logistics","123":"ipc-grid","124":"grid-navigation","125":"grid-navigation","126":"grid-navigation","127":"blocks-words","128":"blocks-words","129":"logistics","130":"depots","131":"depots","132":"logistics","133":"logistics","134":"logistics","135":"logistics","136":"depots","137":"logistics","138":"depots","139":"blocks-words","140":"blocks-words","141":"grid-navigation","142":"grid-navigation","143":"grid-navigation","144":"ipc-grid","145":"logistics","146":"logistics","147":"ipc-grid","148":"grid-navigation","149":"blocks-words","150":"grid-navigation","151":"grid-navigation","152":"blocks-words","153":"blocks-words","154":"depots","155":"ipc-grid","156":"depots","157":"logistics","158":"logistics","159":"logistics","160":"logistics","161":"ipc-grid","162":"depots","163":"ipc-grid","164":"depots","165":"blocks-words","166":"blocks-words","167":"grid-navigation","168":"grid-navigation","169":"blocks-words","170":"grid-navigation","171":"ipc-grid","172":"logistics","173":"logistics","174":"ipc-grid","175":"grid-navigation","176":"grid-navigation","177":"blocks-words","178":"blocks-words","179":"logistics","180":"logistics","181":"depots","182":"ipc-grid","183":"depots","184":"depots","185":"ipc-grid","186":"depots","187":"logistics","188":"logistics","189":"blocks-words","190":"blocks-words","191":"grid-navigation","192":"grid-navigation","193":"ipc-grid","194":"grid-navigation","195":"logistics","196":"grid-navigation","197":"ipc-grid","198":"grid-navigation","199":"grid-navigation","200":"grid-navigation","201":"blocks-words","202":"blocks-words","203":"blocks-words","204":"logistics","205":"logistics","206":"depots","207":"depots","208":"depots","209":"depots","210":"depots","211":"depots","212":"logistics","213":"logistics","214":"blocks-words","215":"blocks-words","216":"blocks-words","217":"grid-navigation","218":"grid-navigation","219":"grid-navigation","220":"grid-navigation","221":"logistics","222":"grid-navigation","223":"grid-navigation","224":"blocks-words","225":"blocks-words","226":"depots","227":"ipc-grid","228":"depots","229":"ipc-grid","230":"logistics","231":"logistics","232":"logistics","233":"ipc-grid","234":"logistics","235":"depots","236":"ipc-grid","237":"depots","238":"blocks-words","239":"blocks-words","240":"grid-navigation","241":"grid-navigation","242":"grid-navigation","243":"grid-navigation","244":"blocks-words","245":"blocks-words","246":"depots","247":"depots","248":"logistics","249":"logistics","250":"ipc-grid","251":"logistics","252":"ipc-grid","253":"logistics","254":"depots","255":"depots","256":"blocks-words","257":"blocks-words","258":"grid-navigation","259":"grid-navigation","260":"grid-navigation","261":"grid-navigation","262":"blocks-words","263":"blocks-words","264":"logistics","265":"ipc-grid","266":"depots","267":"logistics","268":"depots","269":"depots","270":"depots","271":"depots","272":"depots","273":"ipc-grid","274":"logistics","275":"logistics","276":"blocks-words","277":"blocks-words","278":"grid-navigation","279":"grid-navigation","280":"grid-navigation","281":"grid-navigation","282":"blocks-words","283":"blocks-words","284":"logistics","285":"ipc-grid","286":"logistics","287":"depots","288":"ipc-grid","289":"depots","290":"depots","291":"ipc-grid","292":"depots","293":"logistics","294":"logistics","295":"ipc-grid","296":"blocks-words","297":"blocks-words","298":"grid-navigation","299":"grid-navigation"},"Problem":{"0":"p17","1":"p34","2":"p20","3":"p21","4":"p35","5":"p16","6":"p60","7":"p48","8":"p60","9":"p48","10":"p14","11":"p59","12":"p23","13":"p28","14":"p37","15":"p36","16":"p29","17":"p22","18":"p58","19":"p15","20":"p49","21":"p49","22":"p59","23":"p59","24":"p26","25":"p39","26":"p32","27":"p60","28":"p48","29":"p11","30":"p49","31":"p10","32":"p33","33":"p38","34":"p27","35":"p58","36":"p58","37":"p31","38":"p25","39":"p12","40":"p19","41":"p18","42":"p13","43":"p24","44":"p30","45":"p3","46":"p14","47":"p28","48":"p14","49":"p28","50":"p39","51":"p60","52":"p57","53":"p48","54":"p43","55":"p11","56":"p5","57":"p4","58":"p42","59":"p49","60":"p10","61":"p56","62":"p38","63":"p29","64":"p15","65":"p29","66":"p15","67":"p2","68":"p17","69":"p17","70":"p12","71":"p40","72":"p54","73":"p6","74":"p7","75":"p55","76":"p13","77":"p41","78":"p16","79":"p16","80":"p1","81":"p8","82":"p5","83":"p9","84":"p12","85":"p12","86":"p45","87":"p17","88":"p51","89":"p3","90":"p2","91":"p50","92":"p44","93":"p16","94":"p13","95":"p13","96":"p8","97":"p4","98":"p9","99":"p8","100":"p6","101":"p39","102":"p11","103":"p39","104":"p11","105":"p52","106":"p59","107":"p14","108":"p46","109":"p28","110":"p1","111":"p29","112":"p15","113":"p47","114":"p58","115":"p53","116":"p10","117":"p38","118":"p10","119":"p38","120":"p7","121":"p9","122":"p7","123":"p4","124":"p6","125":"p35","126":"p21","127":"p21","128":"p35","129":"p18","130":"p41","131":"p55","132":"p24","133":"p30","134":"p31","135":"p25","136":"p54","137":"p19","138":"p40","139":"p34","140":"p20","141":"p20","142":"p34","143":"p7","144":"p5","145":"p6","146":"p4","147":"p7","148":"p5","149":"p9","150":"p22","151":"p36","152":"p36","153":"p22","154":"p56","155":"p49","156":"p42","157":"p33","158":"p27","159":"p26","160":"p32","161":"p60","162":"p43","163":"p48","164":"p57","165":"p23","166":"p37","167":"p37","168":"p23","169":"p8","170":"p4","171":"p6","172":"p5","173":"p1","174":"p2","175":"p27","176":"p33","177":"p33","178":"p27","179":"p36","180":"p22","181":"p53","182":"p58","183":"p47","184":"p46","185":"p59","186":"p52","187":"p23","188":"p37","189":"p26","190":"p32","191":"p32","192":"p26","193":"p3","194":"p1","195":"p2","196":"p3","197":"p1","198":"p18","199":"p30","200":"p24","201":"p18","202":"p24","203":"p30","204":"p21","205":"p35","206":"p44","207":"p50","208":"p9","209":"p8","210":"p51","211":"p45","212":"p34","213":"p20","214":"p31","215":"p25","216":"p19","217":"p25","218":"p31","219":"p19","220":"p2","221":"p3","222":"p56","223":"p42","224":"p42","225":"p56","226":"p22","227":"p29","228":"p36","229":"p15","230":"p47","231":"p53","232":"p52","233":"p14","234":"p46","235":"p37","236":"p28","237":"p23","238":"p57","239":"p43","240":"p43","241":"p57","242":"p41","243":"p55","244":"p55","245":"p41","246":"p35","247":"p21","248":"p50","249":"p44","250":"p16","251":"p45","252":"p17","253":"p51","254":"p20","255":"p34","256":"p40","257":"p54","258":"p54","259":"p40","260":"p44","261":"p50","262":"p50","263":"p44","264":"p55","265":"p13","266":"p18","267":"p41","268":"p30","269":"p24","270":"p25","271":"p31","272":"p19","273":"p12","274":"p40","275":"p54","276":"p45","277":"p51","278":"p51","279":"p45","280":"p53","281":"p47","282":"p47","283":"p53","284":"p42","285":"p10","286":"p56","287":"p27","288":"p38","289":"p33","290":"p32","291":"p39","292":"p26","293":"p57","294":"p43","295":"p11","296":"p52","297":"p46","298":"p46","299":"p52"},"Initial Metric":{"0":6.0,"1":8.0,"2":7.0,"3":6.0,"4":6.0,"5":3.0,"6":28.0,"7":9.0,"8":6.0,"9":6.0,"10":5.0,"11":41512.0,"12":5.0,"13":4.0,"14":5.0,"15":5.0,"16":7.0,"17":8.0,"18":41512.0,"19":5.0,"20":4.0,"21":31.0,"22":17.0,"23":6.0,"24":1.0,"25":6.0,"26":9.0,"27":41512.0,"28":41512.0,"29":5.0,"30":41512.0,"31":5.0,"32":5.0,"33":6.0,"34":1.0,"35":5.0,"36":23.0,"37":1.0,"38":1.0,"39":5.0,"40":10.0,"41":4.0,"42":3.0,"43":5.0,"44":11.0,"45":5.0,"46":4.0,"47":6.0,"48":7.0,"49":8.0,"50":41512.0,"51":7.0,"52":12.0,"53":7.0,"54":9.0,"55":41512.0,"56":7.0,"57":7.0,"58":12.0,"59":6.0,"60":11.0,"61":12072.0,"62":41512.0,"63":4.0,"64":5.0,"65":5.0,"66":4.0,"67":3.0,"68":5.0,"69":2.0,"70":41512.0,"71":1.0,"72":10.0,"73":4.0,"74":6.0,"75":10.0,"76":41512.0,"77":7.0,"78":4.0,"79":4.0,"80":5.0,"81":12.0,"82":3.0,"83":3.0,"84":5.0,"85":4.0,"86":9.0,"87":41512.0,"88":12072.0,"89":5.0,"90":4.0,"91":12.0,"92":34.0,"93":41512.0,"94":6.0,"95":5.0,"96":4.0,"97":6.0,"98":10.0,"99":10.0,"100":2.0,"101":5.0,"102":6.0,"103":7.0,"104":7.0,"105":34.0,"106":6.0,"107":41512.0,"108":12.0,"109":41512.0,"110":7.0,"111":41512.0,"112":41512.0,"113":10.0,"114":7.0,"115":12072.0,"116":3.0,"117":10.0,"118":5.0,"119":5.0,"120":3.0,"121":4.0,"122":12.0,"123":0.0,"124":3.0,"125":7.0,"126":1.0,"127":6.0,"128":3.0,"129":41512.0,"130":6.0,"131":6.0,"132":41512.0,"133":41512.0,"134":41512.0,"135":41512.0,"136":7.0,"137":41512.0,"138":4.0,"139":2.0,"140":3.0,"141":6.0,"142":7.0,"143":4.0,"144":0.0,"145":12072.0,"146":9.0,"147":3.0,"148":4.0,"149":2.0,"150":6.0,"151":5.0,"152":8.0,"153":5.0,"154":7.0,"155":10.0,"156":6.0,"157":41512.0,"158":41512.0,"159":41512.0,"160":41512.0,"161":12072.0,"162":6.0,"163":34.0,"164":7.0,"165":5.0,"166":5.0,"167":7.0,"168":4.0,"169":8.0,"170":3.0,"171":0.0,"172":10.0,"173":12.0,"174":3.0,"175":5.0,"176":5.0,"177":3.0,"178":4.0,"179":41512.0,"180":41512.0,"181":6.0,"182":12.0,"183":7.0,"184":7.0,"185":12072.0,"186":7.0,"187":41512.0,"188":41512.0,"189":3.0,"190":8.0,"191":7.0,"192":4.0,"193":4.0,"194":2.0,"195":12.0,"196":5.0,"197":9.0,"198":5.0,"199":5.0,"200":5.0,"201":7.0,"202":5.0,"203":3.0,"204":41512.0,"205":41512.0,"206":6.0,"207":7.0,"208":6.0,"209":5.0,"210":7.0,"211":6.0,"212":41512.0,"213":41512.0,"214":7.0,"215":10.0,"216":4.0,"217":6.0,"218":6.0,"219":3.0,"220":4.0,"221":11.0,"222":19.0,"223":18.0,"224":4.0,"225":10.0,"226":5.0,"227":5.0,"228":6.0,"229":7.0,"230":41512.0,"231":41512.0,"232":41512.0,"233":3.0,"234":41512.0,"235":6.0,"236":1.0,"237":6.0,"238":9.0,"239":6.0,"240":13.0,"241":17.0,"242":13.0,"243":23.0,"244":8.0,"245":6.0,"246":7.0,"247":4.0,"248":41512.0,"249":41512.0,"250":9.0,"251":41512.0,"252":7.0,"253":41512.0,"254":5.0,"255":7.0,"256":2.0,"257":4.0,"258":19.0,"259":5.0,"260":22.0,"261":23.0,"262":5.0,"263":4.0,"264":41512.0,"265":13.0,"266":6.0,"267":41512.0,"268":7.0,"269":6.0,"270":7.0,"271":5.0,"272":3.0,"273":3.0,"274":41512.0,"275":41512.0,"276":8.0,"277":5.0,"278":28.0,"279":9.0,"280":17.0,"281":31.0,"282":4.0,"283":5.0,"284":41512.0,"285":3.0,"286":41512.0,"287":6.0,"288":5.0,"289":5.0,"290":7.0,"291":8.0,"292":6.0,"293":41512.0,"294":41512.0,"295":4.0,"296":10.0,"297":4.0,"298":14.0,"299":22.0},"Sol Time":{"0":"None","1":"None","2":"None","3":"None","4":"None","5":"None","6":"None","7":"None","8":"None","9":"None","10":"None","11":"None","12":"None","13":"None","14":"None","15":"None","16":"None","17":"None","18":"None","19":"None","20":"None","21":"None","22":"None","23":69.0,"24":"None","25":"None","26":"None","27":"None","28":"None","29":"None","30":"None","31":"None","32":"None","33":"None","34":"None","35":247.0,"36":"None","37":"None","38":"None","39":34.0,"40":"None","41":98.0,"42":"None","43":"None","44":"None","45":37.0,"46":719.0,"47":353.0,"48":21.0,"49":"None","50":"None","51":"None","52":121.0,"53":"None","54":"None","55":"None","56":"None","57":"None","58":"None","59":"None","60":"None","61":"None","62":"None","63":42.0,"64":"None","65":370.0,"66":"None","67":"None","68":92.0,"69":"None","70":"None","71":"None","72":"None","73":"None","74":"None","75":"None","76":"None","77":72.0,"78":20.0,"79":141.0,"80":7.0,"81":"None","82":"None","83":"None","84":280.0,"85":"None","86":"None","87":"None","88":"None","89":"None","90":"None","91":78.0,"92":328.0,"93":"None","94":"None","95":104.0,"96":17.0,"97":"None","98":"None","99":"None","100":8.0,"101":118.0,"102":94.0,"103":"None","104":19.0,"105":471.0,"106":"None","107":"None","108":43.0,"109":"None","110":"None","111":"None","112":"None","113":"None","114":"None","115":"None","116":"None","117":"None","118":11.0,"119":308.0,"120":"None","121":61.0,"122":"None","123":"None","124":4.0,"125":27.0,"126":"None","127":39.0,"128":"None","129":"None","130":"None","131":"None","132":"None","133":"None","134":"None","135":"None","136":"None","137":"None","138":"None","139":"None","140":40.0,"141":21.0,"142":56.0,"143":25.0,"144":"None","145":"None","146":"None","147":"None","148":215.0,"149":20.0,"150":721.0,"151":"None","152":"None","153":28.0,"154":"None","155":"None","156":"None","157":"None","158":"None","159":"None","160":"None","161":"None","162":"None","163":487.0,"164":"None","165":36.0,"166":89.0,"167":28.0,"168":746.0,"169":"None","170":34.0,"171":"None","172":"None","173":"None","174":"None","175":325.0,"176":621.0,"177":"None","178":"None","179":"None","180":"None","181":"None","182":120.0,"183":"None","184":"None","185":"None","186":"None","187":"None","188":"None","189":"None","190":134.0,"191":825.0,"192":24.0,"193":8.0,"194":11.0,"195":"None","196":438.0,"197":"None","198":683.0,"199":13.0,"200":"None","201":51.0,"202":"None","203":119.0,"204":"None","205":"None","206":"None","207":"None","208":"None","209":"None","210":"None","211":"None","212":"None","213":"None","214":"None","215":"None","216":11.0,"217":115.0,"218":17.0,"219":12.0,"220":20.0,"221":"None","222":"None","223":735.0,"224":74.0,"225":25.0,"226":"None","227":"None","228":"None","229":"None","230":"None","231":"None","232":"None","233":"None","234":"None","235":"None","236":"None","237":"None","238":565.0,"239":"None","240":479.0,"241":"None","242":502.0,"243":"None","244":"None","245":87.0,"246":"None","247":"None","248":"None","249":"None","250":"None","251":"None","252":"None","253":"None","254":69.0,"255":"None","256":9.0,"257":107.0,"258":"None","259":88.0,"260":"None","261":"None","262":92.0,"263":60.0,"264":"None","265":"None","266":"None","267":"None","268":"None","269":"None","270":"None","271":"None","272":"None","273":"None","274":"None","275":"None","276":"None","277":"None","278":"None","279":315.0,"280":"None","281":"None","282":"None","283":"None","284":"None","285":"None","286":"None","287":"None","288":"None","289":"None","290":"None","291":"None","292":"None","293":"None","294":"None","295":15.0,"296":208.0,"297":58.0,"298":"None","299":"None"},"Sol Metric":{"0":"None","1":"None","2":"None","3":"None","4":"None","5":"None","6":"None","7":"None","8":"None","9":"None","10":"None","11":"None","12":"None","13":"None","14":"None","15":"None","16":"None","17":"None","18":"None","19":"None","20":"None","21":"None","22":"None","23":5.0,"24":"None","25":"None","26":"None","27":"None","28":"None","29":"None","30":"None","31":"None","32":"None","33":"None","34":"None","35":4.0,"36":"None","37":"None","38":"None","39":4.0,"40":"None","41":3.0,"42":"None","43":"None","44":"None","45":2.0,"46":2.0,"47":4.0,"48":6.0,"49":"None","50":"None","51":"None","52":10.0,"53":"None","54":"None","55":"None","56":"None","57":"None","58":"None","59":"None","60":"None","61":"None","62":"None","63":3.0,"64":"None","65":3.0,"66":"None","67":"None","68":4.0,"69":"None","70":"None","71":"None","72":"None","73":"None","74":"None","75":"None","76":"None","77":3.0,"78":3.0,"79":2.0,"80":3.0,"81":"None","82":"None","83":"None","84":2.0,"85":"None","86":"None","87":"None","88":"None","89":"None","90":"None","91":10.0,"92":32.0,"93":"None","94":"None","95":4.0,"96":2.0,"97":"None","98":"None","99":"None","100":1.0,"101":3.0,"102":4.0,"103":"None","104":6.0,"105":32.0,"106":"None","107":"None","108":10.0,"109":"None","110":"None","111":"None","112":"None","113":"None","114":"None","115":"None","116":"None","117":"None","118":4.0,"119":3.0,"120":"None","121":0.0,"122":"None","123":"None","124":2.0,"125":6.0,"126":"None","127":5.0,"128":"None","129":"None","130":"None","131":"None","132":"None","133":"None","134":"None","135":"None","136":"None","137":"None","138":"None","139":"None","140":1.0,"141":5.0,"142":5.0,"143":3.0,"144":"None","145":"None","146":"None","147":"None","148":1.0,"149":0.0,"150":3.0,"151":"None","152":"None","153":4.0,"154":"None","155":"None","156":"None","157":"None","158":"None","159":"None","160":"None","161":"None","162":"None","163":32.0,"164":"None","165":4.0,"166":3.0,"167":6.0,"168":0.0,"169":"None","170":1.0,"171":"None","172":"None","173":"None","174":"None","175":3.0,"176":3.0,"177":"None","178":"None","179":"None","180":"None","181":"None","182":10.0,"183":"None","184":"None","185":"None","186":"None","187":"None","188":"None","189":"None","190":7.0,"191":4.0,"192":1.0,"193":0.0,"194":0.0,"195":"None","196":0.0,"197":"None","198":3.0,"199":4.0,"200":"None","201":4.0,"202":"None","203":2.0,"204":"None","205":"None","206":"None","207":"None","208":"None","209":"None","210":"None","211":"None","212":"None","213":"None","214":"None","215":"None","216":3.0,"217":3.0,"218":5.0,"219":2.0,"220":0.0,"221":"None","222":"None","223":17.0,"224":3.0,"225":7.0,"226":"None","227":"None","228":"None","229":"None","230":"None","231":"None","232":"None","233":"None","234":"None","235":"None","236":"None","237":"None","238":7.0,"239":"None","240":12.0,"241":"None","242":12.0,"243":"None","244":"None","245":3.0,"246":"None","247":"None","248":"None","249":"None","250":"None","251":"None","252":"None","253":"None","254":4.0,"255":"None","256":1.0,"257":3.0,"258":"None","259":3.0,"260":"None","261":"None","262":4.0,"263":3.0,"264":"None","265":"None","266":"None","267":"None","268":"None","269":"None","270":"None","271":"None","272":"None","273":"None","274":"None","275":"None","276":"None","277":"None","278":"None","279":7.0,"280":"None","281":"None","282":"None","283":"None","284":"None","285":"None","286":"None","287":"None","288":"None","289":"None","290":"None","291":"None","292":"None","293":"None","294":"None","295":0.0,"296":8.0,"297":3.0,"298":"None","299":"None"},"Expanded Nodes":{"0":"None","1":"None","2":"None","3":"None","4":"None","5":"None","6":"None","7":"None","8":8,"9":10,"10":"None","11":0,"12":"None","13":28,"14":"None","15":"None","16":22,"17":"None","18":0,"19":"None","20":10,"21":"None","22":"None","23":129,"24":"None","25":"None","26":"None","27":0,"28":0,"29":"None","30":0,"31":"None","32":"None","33":"None","34":"None","35":29,"36":"None","37":"None","38":"None","39":6,"40":"None","41":29,"42":"None","43":"None","44":"None","45":27,"46":234,"47":161,"48":123,"49":20,"50":0,"51":"None","52":23,"53":"None","54":"None","55":0,"56":"None","57":"None","58":"None","59":"None","60":"None","61":0,"62":0,"63":28,"64":13,"65":157,"66":170,"67":9,"68":30,"69":175,"70":0,"71":"None","72":"None","73":"None","74":"None","75":"None","76":0,"77":35,"78":55,"79":46,"80":28,"81":"None","82":14,"83":67,"84":145,"85":50,"86":"None","87":0,"88":0,"89":15,"90":"None","91":23,"92":69,"93":0,"94":10,"95":54,"96":45,"97":97,"98":"None","99":"None","100":21,"101":34,"102":49,"103":48,"104":43,"105":67,"106":"None","107":0,"108":23,"109":0,"110":"None","111":0,"112":0,"113":"None","114":11,"115":0,"116":11,"117":48,"118":6,"119":89,"120":36,"121":29,"122":"None","123":0,"124":46,"125":8,"126":"None","127":94,"128":23,"129":0,"130":"None","131":"None","132":0,"133":0,"134":0,"135":0,"136":"None","137":0,"138":"None","139":27,"140":29,"141":7,"142":16,"143":100,"144":0,"145":0,"146":"None","147":"None","148":548,"149":21,"150":605,"151":"None","152":12,"153":23,"154":"None","155":"None","156":"None","157":0,"158":0,"159":0,"160":0,"161":0,"162":"None","163":67,"164":"None","165":35,"166":37,"167":8,"168":584,"169":37,"170":33,"171":0,"172":"None","173":"None","174":"None","175":138,"176":260,"177":54,"178":54,"179":0,"180":0,"181":"None","182":23,"183":"None","184":"None","185":0,"186":22,"187":0,"188":0,"189":222,"190":38,"191":370,"192":19,"193":7,"194":11,"195":"None","196":417,"197":"None","198":222,"199":6,"200":48,"201":198,"202":91,"203":51,"204":0,"205":0,"206":"None","207":"None","208":"None","209":15,"210":11,"211":"None","212":0,"213":0,"214":32,"215":24,"216":40,"217":157,"218":7,"219":71,"220":20,"221":"None","222":"None","223":19,"224":27,"225":8,"226":"None","227":"None","228":"None","229":"None","230":0,"231":0,"232":0,"233":"None","234":0,"235":"None","236":"None","237":"None","238":100,"239":26,"240":14,"241":"None","242":14,"243":"None","244":36,"245":13,"246":22,"247":"None","248":0,"249":0,"250":"None","251":0,"252":"None","253":0,"254":11,"255":22,"256":20,"257":107,"258":"None","259":62,"260":"None","261":"None","262":22,"263":30,"264":0,"265":"None","266":"None","267":0,"268":22,"269":"None","270":"None","271":"None","272":"None","273":"None","274":0,"275":0,"276":10,"277":11,"278":"None","279":9,"280":"None","281":"None","282":42,"283":60,"284":0,"285":"None","286":0,"287":"None","288":"None","289":"None","290":22,"291":"None","292":20,"293":0,"294":0,"295":7,"296":33,"297":52,"298":"None","299":"None"},"Generated Nodes":{"0":"None","1":"None","2":"None","3":"None","4":"None","5":"None","6":"None","7":"None","8":180,"9":220,"10":"None","11":20,"12":"None","13":348,"14":"None","15":"None","16":276,"17":"None","18":20,"19":"None","20":220,"21":"None","22":"None","23":2600,"24":"None","25":"None","26":"None","27":20,"28":20,"29":"None","30":20,"31":"None","32":"None","33":"None","34":"None","35":600,"36":"None","37":"None","38":"None","39":42,"40":"None","41":600,"42":"None","43":"None","44":"None","45":168,"46":4700,"47":1944,"48":744,"49":252,"50":12,"51":"None","52":480,"53":"None","54":"None","55":6,"56":"None","57":"None","58":"None","59":"None","60":"None","61":20,"62":12,"63":348,"64":84,"65":1896,"66":3420,"67":60,"68":620,"69":1056,"70":6,"71":"None","72":"None","73":"None","74":"None","75":"None","76":6,"77":216,"78":336,"79":940,"80":174,"81":"None","82":90,"83":816,"84":1752,"85":306,"86":"None","87":6,"88":12,"89":96,"90":"None","91":288,"92":420,"93":6,"94":66,"95":660,"96":552,"97":588,"98":"None","99":"None","100":132,"101":700,"102":600,"103":588,"104":264,"105":816,"106":"None","107":6,"108":144,"109":12,"110":"None","111":12,"112":6,"113":"None","114":240,"115":12,"116":72,"117":588,"118":84,"119":1800,"120":222,"121":360,"122":"None","123":6,"124":282,"125":180,"126":"None","127":1140,"128":288,"129":6,"130":"None","131":"None","132":12,"133":12,"134":12,"135":12,"136":"None","137":6,"138":"None","139":336,"140":180,"141":160,"142":340,"143":1212,"144":6,"145":6,"146":"None","147":"None","148":3294,"149":132,"150":3636,"151":"None","152":156,"153":288,"154":"None","155":"None","156":"None","157":12,"158":12,"159":12,"160":12,"161":20,"162":"None","163":816,"164":"None","165":432,"166":456,"167":180,"168":3510,"169":228,"170":204,"171":6,"172":"None","173":"None","174":"None","175":1668,"176":3132,"177":660,"178":660,"179":12,"180":12,"181":"None","182":480,"183":"None","184":"None","185":20,"186":460,"187":12,"188":12,"189":2676,"190":468,"191":4452,"192":120,"193":48,"194":72,"195":"None","196":2508,"197":"None","198":4460,"199":84,"200":294,"201":1194,"202":1104,"203":624,"204":12,"205":12,"206":"None","207":"None","208":"None","209":96,"210":240,"211":"None","212":12,"213":6,"214":396,"215":300,"216":246,"217":948,"218":96,"219":1440,"220":126,"221":"None","222":"None","223":120,"224":560,"225":180,"226":"None","227":"None","228":"None","229":"None","230":20,"231":20,"232":20,"233":"None","234":20,"235":"None","236":"None","237":"None","238":2020,"239":540,"240":90,"241":"None","242":90,"243":"None","244":740,"245":280,"246":276,"247":"None","248":20,"249":20,"250":"None","251":20,"252":"None","253":20,"254":72,"255":276,"256":252,"257":2160,"258":"None","259":1260,"260":"None","261":"None","262":460,"263":620,"264":20,"265":"None","266":"None","267":20,"268":276,"269":"None","270":"None","271":"None","272":"None","273":"None","274":12,"275":20,"276":220,"277":240,"278":"None","279":60,"280":"None","281":"None","282":860,"283":1220,"284":20,"285":"None","286":20,"287":"None","288":"None","289":"None","290":276,"291":"None","292":252,"293":20,"294":20,"295":96,"296":680,"297":1060,"298":"None","299":"None"}}